[
  {
    "icon": "fa fa-home",
    "slug": "external",
    "title": "Volver al inicio",
    "path": "index.html"
  },  
  {
    "id": 1,
    "icon": "fa fa-file-text",
    "slug": "argumentacion",
    "title": "1. La argumentación",    
    "path": "pages/tema-1.html",
    "submenu": [       
      {
        "icon": "fa fa-file-text",
        "slug": "argumentacion",
        "title": "1.1 Decodificación y estructura de mensajes",
        "anchor": "tema1_1"
      },  
      {
        "icon": "fa fa-file-text",
        "slug": "argumentacion",
        "title": "1.2 Pregunta, observación e interpretación",
        "anchor": "tema1_2"
      }, 
      {
        "icon": "fa fa-file-text",
        "slug": "argumentacion",
        "title": "1.3 Argumentación y proposición",
        "anchor": "tema1_3"
      }
    ]    
  },
  {
    "id": 2,
    "icon": "fa fa-file-text",
    "slug": "relacion_pensamiento_lenguaje",
    "title": "2. Relación entre pensamiento y lenguaje",    
    "path": "pages/tema-2.html",
    "submenu": [       
      {
        "icon": "fa fa-file-text",
        "slug": "relacion_pensamiento_lenguaje",
        "title": "2.1 Lectura comprensiva e interpretativa",
        "anchor": "tema2_1"
      },
      {
        "icon": "fa fa-file-text",
        "slug": "relacion_pensamiento_lenguaje",
        "title": "2.2 Pensar, organizar e interpretar el mundo",
        "anchor": "tema2_2"
      },
      {
        "icon": "fa fa-play-circle",
        "slug": "relacion_pensamiento_lenguaje",
        "title": "2.3 Comprender y argumentar",
        "anchor": "tema2_3"
      }     
    ]   
  }  
]